original_filename,english_title,category_or_status,new_project_path_or_duplicate_of,sha256,source_archive_path,translation_note
#U0421#U0440#U0430#U0436#U0435#U043d#U0438#U0435.mp3,Battle,music,assets/audio/admin/music/battle.mp3,837d4cc8f66e363ba892d36eb594edf4e6165904c33175b87d79616206559982,combined 2/#U0421#U0440#U0430#U0436#U0435#U043d#U0438#U0435.mp3,
#U043f#U043e#U0434#U0430#U0440#U043e#U043a #U043e#U0442 #U0420#U043e#U043a#U0441#U0438.mp3,A Gift from Roxy,music,assets/audio/admin/music/a-gift-from-roxy.mp3,02db3bef4d191b877a4effde698123b8c558920661758d71b22eda36df45c825,combined 2/#U043f#U043e#U0434#U0430#U0440#U043e#U043a #U043e#U0442 #U0420#U043e#U043a#U0441#U0438.mp3,
1-05 Rafters.mp3,1-05 Rafters,ambience,assets/audio/admin/ambience/1-05-rafters.mp3,cfcef4ab22366ec5a99cfa1cc27538e651b09b1b2c90796c82ecce2ad87aa05a,combined 2/1-05 Rafters.mp3,
1-24 Depths of the Abyss.mp3,1-24 Depths of the Abyss,ambience,assets/audio/admin/ambience/1-24-depths-of-the-abyss.mp3,05d08610a4a72999e9c731ce03adfef32b359a5b376dafd71f7e3973f73b3d59,combined 2/1-24 Depths of the Abyss.mp3,
A Private Bath.mp3,A Private Bath,music,assets/audio/admin/music/a-private-bath.mp3,892a06f96825e3cb00c9d7b0601813f88cbcdd9c3124730b23ceb0d1ff65a31a,combined 2/A Private Bath.mp3,
Ali Sabah  Khanabat.mp3,Ali Sabah  Khanabat,music,assets/audio/admin/music/ali-sabah-khanabat.mp3,20cfe0c7f56620ea89238d7d6186ad3daf4fedd8c978c52f4d15f481e67da233,combined 2/Ali Sabah  Khanabat.mp3,
creature_1_default.mp3,creature_1_default,sfx,assets/audio/admin/sfx/creature-1-default.mp3,b54b697b05e03151530895e792706e0abba30a539b1b0f64d5ddbe30bfc429f6,combined 2/creature_1_default.mp3,
"Dwarves Erebor and Moria Theme Music (The Hobbit, Lord of The Rings).mp3","Dwarves Erebor and Moria Theme Music (The Hobbit, Lord of The Rings)",music,assets/audio/admin/music/dwarves-erebor-and-moria-theme-music-the-hobbit-lord-of-the-rings.mp3,16689114ed47470e220b5069d381f86a34b3db8787ca48f302d9fd27798188ff,"combined 2/Dwarves Erebor and Moria Theme Music (The Hobbit, Lord of The Rings).mp3",
freesound_community-funny-hello-104636.mp3,freesound_community-funny-hello-104636,voice,assets/audio/admin/voice/freesound-community-funny-hello-104636.mp3,b70b07c660da2b81ba5a3a4d24ba2b35f2ce8a194d525e9358c2c699b570ce16,combined 2/freesound_community-funny-hello-104636.mp3,
freesound_community-oh-my-god-104662.mp3,freesound_community-oh-my-god-104662,music,assets/audio/admin/music/freesound-community-oh-my-god-104662.mp3,57ad6f1198cd3712235692bb411a54474ec95e4a08633fb92a00991ab3521579,combined 2/freesound_community-oh-my-god-104662.mp3,
freesound_community-requested-female-voice-sample-talking-fighting-noises-54786.mp3,freesound_community-requested-female-voice-sample-talking-fighting-noises-54786,voice,assets/audio/admin/voice/freesound-community-requested-female-voice-sample-talking-fighting-noises-54786.mp3,d92d109a21399fff34bda5b5c0ba2a9f3fbd4e92c343bbf7f882fa500cb0d8af,combined 2/freesound_community-requested-female-voice-sample-talking-fighting-noises-54786.mp3,
Made in Abyss OST - Old Stories Main Theme.mp3,Made in Abyss OST - Old Stories Main Theme,music,assets/audio/admin/music/made-in-abyss-ost-old-stories-main-theme.mp3,2a0f6be696c5e17e2932a122584c176f4d2bc19e8169b10acbee6d0608f29661,combined 2/Made in Abyss OST - Old Stories Main Theme.mp3,
OST Original Soundtrack You cant buy a dere with money.mp3,OST Original Soundtrack You cant buy a dere with money,music,assets/audio/admin/music/ost-original-soundtrack-you-cant-buy-a-dere-with-money.mp3,7a3ccc7bda3fa1e36de87f2ab8fc6223b2c42bded6201f3e7cbf3d2d9fd0d053,combined 2/OST Original Soundtrack You cant buy a dere with money.mp3,
Talk - Tiny Bunny OST.mp3,Talk - Tiny Bunny OST,voice,assets/audio/admin/voice/talk-tiny-bunny-ost.mp3,44668e97019f91003ef80647367178db1f10e6189b7298419ef0e255232a63f8,combined 2/Talk - Tiny Bunny OST.mp3,
universfield-game-over-deep-male-voice-clip-352695.mp3,universfield-game-over-deep-male-voice-clip-352695,voice,assets/audio/admin/voice/universfield-game-over-deep-male-voice-clip-352695.mp3,ecc55585c679ec406e949557a1fb7cf9cc8f3dfc6711122c7a682cb058d5f870,combined 2/universfield-game-over-deep-male-voice-clip-352695.mp3,
whistlingwindstead54.mp3,whistlingwindstead54,sfx,assets/audio/admin/sfx/whistlingwindstead54.mp3,4a4b2319cc9e3d8687e51003a660be00c401e8b2ba9496628ee3be7e49b0fa6e,combined 2/whistlingwindstead54.mp3,
#U0412#U044b#U0441#U0442#U0440#U0435#U043b.mp3,Shot,sfx,assets/audio/admin/sfx/shot.mp3,644fe3093f1e5594df78528f6bce45de6a3d5ad3de75e9158c2396c0ae740c0f,combined 3/#U0412#U044b#U0441#U0442#U0440#U0435#U043b.mp3,
#U0421#U0438#U043b#U0430 #U0437#U0430#U043d#U043e#U0431#U044b.mp3,Sila Zanoby,music,assets/audio/admin/music/sila-zanoby.mp3,cab3bed1c41e52c039cfab6c0825f0c5fc6670db72088e024bfb8f90f462d961,combined 3/#U0421#U0438#U043b#U0430 #U0437#U0430#U043d#U043e#U0431#U044b.mp3,The source title appears misspelled or context-specific; preserved as a readable transliteration instead of guessing a meaning.
#U0442#U0430#U043d#U0435#U0446 #U0431#U0435#U0437 #U043c#U0430#U0433#U0438#U0438.mp3,Dance Without Magic,music,assets/audio/admin/music/dance-without-magic.mp3,201d79067d2c8ade8872aa9311580c25a3d1fd797ed969a2b9c1d57bed004add,combined 3/#U0442#U0430#U043d#U0435#U0446 #U0431#U0435#U0437 #U043c#U0430#U0433#U0438#U0438.mp3,
#U0443#U043b#U044b#U0431#U043a#U0430 #U042d#U0440#U0438#U0441.mp3,Eris's Smile,music,assets/audio/admin/music/eriss-smile.mp3,f04f8196619af46291f466223f0ea54b18235a8fcf3c975725fab37dab42c0ec,combined 3/#U0443#U043b#U044b#U0431#U043a#U0430 #U042d#U0440#U0438#U0441.mp3,
1-07 New World.mp3,1-07 New World,music,assets/audio/admin/music/1-07-new-world.mp3,964b14d9035a5410018709f37a048aecc7d62abab95a7ae212746eec42a12207,combined 3/1-07 New World.mp3,
1-10 Maul.mp3,1-10 Maul,music,assets/audio/admin/music/1-10-maul.mp3,70cb86311917cdbdba7cbe70be16bbf1b3408c6ce266db4a69602830a9ae3c54,combined 3/1-10 Maul.mp3,
creature_2_default.mp3,creature_2_default,sfx,assets/audio/admin/sfx/creature-2-default.mp3,7721738251123a9a85f20b423087bf109514f0eac23854d28e232b0e80140032,combined 3/creature_2_default.mp3,
Daniel Pemberton-Forest Clues.mp3,Daniel Pemberton-Forest Clues,ambience,assets/audio/admin/ambience/daniel-pemberton-forest-clues.mp3,aa11ae9d52cc6b6f673ac27efa113dc6f25028153359777d5be7593aa0e85a0b,combined 3/Daniel Pemberton-Forest Clues.mp3,
freesound_community-shit-dude-104663.mp3,freesound_community-shit-dude-104663,music,assets/audio/admin/music/freesound-community-shit-dude-104663.mp3,716b2c73d11ec8de40e97615d469de9f974433792a4436addfce0647095cea8b,combined 3/freesound_community-shit-dude-104663.mp3,
Frieren Beyond Journeys End OST Compilation To StudyRelax To.mp3,Frieren Beyond Journeys End OST Compilation To StudyRelax To,music,assets/audio/admin/music/frieren-beyond-journeys-end-ost-compilation-to-studyrelax-to.mp3,a60c28cc30ab9f4adf3e5fbe758579b8adefa8f8c608ab4911fbb5adc74cc0f9,combined 3/Frieren Beyond Journeys End OST Compilation To StudyRelax To.mp3,
Hollow Knight OST - Fungal Wastes.mp3,Hollow Knight OST - Fungal Wastes,ambience,assets/audio/admin/ambience/hollow-knight-ost-fungal-wastes.mp3,ba83bec0f73d36d110e7b87fa0477311e0878cc00da2f62ce9c6b880fa8dd60b,combined 3/Hollow Knight OST - Fungal Wastes.mp3,
India Theme  Medieval Civilization 6.mp3,India Theme  Medieval Civilization 6,music,assets/audio/admin/music/india-theme-medieval-civilization-6.mp3,66662f6bc82ee387aedc649253615e3c670ef7a6f3187a810f39ecb154c713a4,combined 3/India Theme  Medieval Civilization 6.mp3,
nat_20_default.mp3,nat_20_default,sfx,assets/audio/admin/sfx/nat-20-default.mp3,e5aa621b15a714d3123701c5daa54145644dff98ea225f7c8b8e85f6f24d744f,combined 3/nat_20_default.mp3,
Night Dance - Tiny Bunny OST.mp3,Night Dance - Tiny Bunny OST,music,assets/audio/admin/music/night-dance-tiny-bunny-ost.mp3,7fcfb19705616c8d5aff6bdd842b0868bff782a88e945aa0cd1e3ebe8ab18699,combined 3/Night Dance - Tiny Bunny OST.mp3,
ultrasonic-scanning-sound-and-victim-search.mp3,ultrasonic-scanning-sound-and-victim-search,sfx,assets/audio/admin/sfx/ultrasonic-scanning-sound-and-victim-search.mp3,8e72d2539308d5cac656d4088b08e4e80b1f84e92fbde092d1506b1b7836469a,combined 3/ultrasonic-scanning-sound-and-victim-search.mp3,
Yearning Hearts - Bianca Ban-Yearning Hearts - Bianca Ban.mp3,Yearning Hearts - Bianca Ban-Yearning Hearts - Bianca Ban,music,assets/audio/admin/music/yearning-hearts-bianca-ban-yearning-hearts-bianca-ban.mp3,45449b259adc711890c26dc26bb8b0007a29753453ccbf1ed21eb9733ec69439,combined 3/Yearning Hearts - Bianca Ban-Yearning Hearts - Bianca Ban.mp3,
#U0414#U0435#U0440#U044f#U0432#U043d#U044f #U0432 #U0414#U0436#U0443#U043d#U0433#U043b#U044f#U0445.mp3,Village in the Jungle,ambience,assets/audio/admin/ambience/village-in-the-jungle.mp3,ca5f461f0c605987516e608d55ba9d7f2b483ee30c331991f711cb00fa01c8b5,combined 4/#U0414#U0435#U0440#U044f#U0432#U043d#U044f #U0432 #U0414#U0436#U0443#U043d#U0433#U043b#U044f#U0445.mp3,
#U041d#U043e#U0432#U044b#U0439 #U0434#U0435#U043d#U044c #U0432 #U043f#U0443#U0442#U0438.mp3,A New Day on the Road,music,assets/audio/admin/music/a-new-day-on-the-road.mp3,be2ed0e8a66993a53784c280188bb73693422391677c1b60abbb5f2b0768261b,combined 4/#U041d#U043e#U0432#U044b#U0439 #U0434#U0435#U043d#U044c #U0432 #U043f#U0443#U0442#U0438.mp3,
#U0422#U043e#U043d-#U0428#U0435#U043f#U0430#U0440#U0434#U0430_1.mp3,Shepard Tone 1,sfx,assets/audio/admin/sfx/shepard-tone-1.mp3,ef7f1b2737336386b8f990caba7a40b8e4fa6bde477c4aa8e5d7e99d2ed198e7,combined 4/#U0422#U043e#U043d-#U0428#U0435#U043f#U0430#U0440#U0434#U0430_1.mp3,
1-21 Air.mp3,1-21 Air,ambience,assets/audio/admin/ambience/1-21-air.mp3,7b6292bf64786ea22168a9b2dde7c06a672ec7dd555c5d5252300e8a60ba7a6e,combined 4/1-21 Air.mp3,
"Cozy Night Bonfire in the Quiet Forest Sleep, Relax, Study Ambience #WednesdayZenDay #bonfires.mp3","Cozy Night Bonfire in the Quiet Forest Sleep, Relax, Study Ambience #WednesdayZenDay #bonfires",ambience,assets/audio/admin/ambience/cozy-night-bonfire-in-the-quiet-forest-sleep-relax-study-ambience-wednesdayzenday-bonfires.mp3,474a1e1c423b1556680442952118571a0a3077574010dde012143c500c8603b4,"combined 4/Cozy Night Bonfire in the Quiet Forest Sleep, Relax, Study Ambience #WednesdayZenDay #bonfires.mp3",
eldritch_blast_default.mp3,eldritch_blast_default,sfx,assets/audio/admin/sfx/eldritch-blast-default.mp3,f5f300b372833a00d6a8256014e52290973479a0dfefe7160faef65ed1d36a94,combined 4/eldritch_blast_default.mp3,
God Shattering Star Fire Emblem Three Houses Female Soprano ver eili.mp3,God Shattering Star Fire Emblem Three Houses Female Soprano ver eili,music,assets/audio/admin/music/god-shattering-star-fire-emblem-three-houses-female-soprano-ver-eili.mp3,2e7793de6eebdf51ae530bb89b26de95b230fa39cd7dfdbc200fc5c9ca742644,combined 4/God Shattering Star Fire Emblem Three Houses Female Soprano ver eili.mp3,
Industrial Harbour  Disco Elysium OST.mp3,Industrial Harbour  Disco Elysium OST,ambience,assets/audio/admin/ambience/industrial-harbour-disco-elysium-ost.mp3,d3764420947dd7e2956804c0f9328c44db8aee0280923988813eb2f626744fe2,combined 4/Industrial Harbour  Disco Elysium OST.mp3,
interference-crunchy-close.mp3,interference-crunchy-close,sfx,assets/audio/admin/sfx/interference-crunchy-close.mp3,cfa701c6d56359fdb9ce6f509f77826291cd3a130a7aedfed368fdd041b309e8,combined 4/interference-crunchy-close.mp3,
interference-muffled.mp3,interference-muffled,sfx,assets/audio/admin/sfx/interference-muffled.mp3,1102be45b67bdd0ea23b8cf27f9ea3b3ae9ceca019e55de158f8cdb6d8e295b7,combined 4/interference-muffled.mp3,
Jungle Village  DDTTRPG Music  1 Hour (mp3cut.net).mp3,Jungle Village  DDTTRPG Music  1 Hour (mp3cut.net),SKIPPED_EXACT_DUPLICATE,assets/audio/admin/ambience/village-in-the-jungle.mp3,ca5f461f0c605987516e608d55ba9d7f2b483ee30c331991f711cb00fa01c8b5,combined 4/Jungle Village  DDTTRPG Music  1 Hour (mp3cut.net).mp3,
Made in Abyss OST - Crucifixion.mp3,Made in Abyss OST - Crucifixion,music,assets/audio/admin/music/made-in-abyss-ost-crucifixion.mp3,2ea8f4aa3d8ad8c9a32324b266d92250b9cb721c1eb2e99e473e548712779e44,combined 4/Made in Abyss OST - Crucifixion.mp3,
phatphrogstudio-demon-voice-no-mercy-477827.mp3,phatphrogstudio-demon-voice-no-mercy-477827,voice,assets/audio/admin/voice/phatphrogstudio-demon-voice-no-mercy-477827.mp3,b44c22fff11695a921fc6424f5a34e61acd033f4488e13c6a002a6aa4fe8c32d,combined 4/phatphrogstudio-demon-voice-no-mercy-477827.mp3,
The Boundless Ocean.mp3,The Boundless Ocean,ambience,assets/audio/admin/ambience/the-boundless-ocean.mp3,4312d8bef66b6131843d55f7d4e87901a2a6eb82fc89f4b2e16141c458994b13,combined 4/The Boundless Ocean.mp3,
ultrasonic-scanning-sound-and-victim-search (1).mp3,ultrasonic-scanning-sound-and-victim-search (1),SKIPPED_EXACT_DUPLICATE,assets/audio/admin/sfx/ultrasonic-scanning-sound-and-victim-search.mp3,8e72d2539308d5cac656d4088b08e4e80b1f84e92fbde092d1506b1b7836469a,combined 4/ultrasonic-scanning-sound-and-victim-search (1).mp3,
Vampire Knight OST Track 2 Main Theme (2).mp3,Vampire Knight OST Track 2 Main Theme (2),music,assets/audio/admin/music/vampire-knight-ost-track-2-main-theme-2.mp3,fd395fdf951a449d9c110861d07e7c5f691c13652871e5daa4f3a3db8ecff1df,combined 4/Vampire Knight OST Track 2 Main Theme (2).mp3,
1-02 Roar of the Abyss.mp3,1-02 Roar of the Abyss,music,assets/audio/admin/music/1-02-roar-of-the-abyss.mp3,5e20a7f5900e34fea00501e4fbead0fafcd0f0c4810120d55c237df04e380622,combined 5/1-02 Roar of the Abyss.mp3,
1-06 Treehouse.mp3,1-06 Treehouse,ambience,assets/audio/admin/ambience/1-06-treehouse.mp3,d99590aafe4db913cc8c00ed84aef79924fd6fe2f3ff46638e60b543d6cb5db2,combined 5/1-06 Treehouse.mp3,
1-11 Walking the Streets.mp3,1-11 Walking the Streets,ambience,assets/audio/admin/ambience/1-11-walking-the-streets.mp3,bf019a93ad51193bfcab7d205edfc585692b568c8806b7e689d711704ee23421,combined 5/1-11 Walking the Streets.mp3,
2-05 Jungle Run.mp3,2-05 Jungle Run,music,assets/audio/admin/music/2-05-jungle-run.mp3,8aacdb0833eb8054e7e6e87191fa8dae522333a9a21db90121f93d5d4cabc7f4,combined 5/2-05 Jungle Run.mp3,
BLACK MAGES III OR CLOUD OF DARKNES.mp3,BLACK MAGES III OR CLOUD OF DARKNES,music,assets/audio/admin/music/black-mages-iii-or-cloud-of-darknes.mp3,ff32f5980b753c078df9884c4eb1cdd9206cc07bdc3fa27b7239af8a5a8c337e,combined 5/BLACK MAGES III OR CLOUD OF DARKNES.mp3,
Falins Passion  Delicious in Dungeon Orchestra Cover.mp3,Falins Passion  Delicious in Dungeon Orchestra Cover,music,assets/audio/admin/music/falins-passion-delicious-in-dungeon-orchestra-cover.mp3,75621ca6a3155e6d2c8fa32575b02d6fa4c01d39ef062ed935f572c60ecc7d99,combined 5/Falins Passion  Delicious in Dungeon Orchestra Cover.mp3,
Final Fantasy IV Ds Ost   Cry in Sorrow.mp3,Final Fantasy IV Ds Ost   Cry in Sorrow,music,assets/audio/admin/music/final-fantasy-iv-ds-ost-cry-in-sorrow.mp3,c59bda6db4a0e2bb4bd92429fa085ece420c87ed6e2ced0de65e2745cd1d23b7,combined 5/Final Fantasy IV Ds Ost   Cry in Sorrow.mp3,
freesound_community-014861_wizardry-whispered-voice-ambience-56894.mp3,freesound_community-014861_wizardry-whispered-voice-ambience-56894,voice,assets/audio/admin/voice/freesound-community-014861-wizardry-whispered-voice-ambience-56894.mp3,51e4605156f5653b9eb4d4d5e2a277f05141daf4bc568467bb62e1ded37b3129,combined 5/freesound_community-014861_wizardry-whispered-voice-ambience-56894.mp3,
freesound_community-never-let-you-go-103378.mp3,freesound_community-never-let-you-go-103378,music,assets/audio/admin/music/freesound-community-never-let-you-go-103378.mp3,b1a8305a3f9efa270639cc62ad14b4f8072cd2cc6a20de505ade043dfab760bb,combined 5/freesound_community-never-let-you-go-103378.mp3,
freesound_community-stop-screaming-83198.mp3,freesound_community-stop-screaming-83198,voice,assets/audio/admin/voice/freesound-community-stop-screaming-83198.mp3,d98043059d5fffe3c73760da2cc95e8a3a765ec2cf5580e42ebdb94773dc008b,combined 5/freesound_community-stop-screaming-83198.mp3,
freesound_community-voxgenius01-36084.mp3,freesound_community-voxgenius01-36084,music,assets/audio/admin/music/freesound-community-voxgenius01-36084.mp3,2bf4b0260f98f1f8ce45181cf371c0b1d8a7636836bc3b4e7fdb0174de890013,combined 5/freesound_community-voxgenius01-36084.mp3,
freesound_community-where-are-you-104692.mp3,freesound_community-where-are-you-104692,music,assets/audio/admin/music/freesound-community-where-are-you-104692.mp3,6bd9e4267c3e8854112da4f98edae2e0751b77ea5c9e23beeb5476fa63d29800,combined 5/freesound_community-where-are-you-104692.mp3,
lock_1_default.mp3,lock_1_default,sfx,assets/audio/admin/sfx/lock-1-default.mp3,8dd16f149d851c5bae80e32d7d418cd420591d678beb94f7db5eccaa9878eb43,combined 5/lock_1_default.mp3,
Made in Abyss OST - Made in Abyss.mp3,Made in Abyss OST - Made in Abyss,music,assets/audio/admin/music/made-in-abyss-ost-made-in-abyss.mp3,561a0938c50aa34c5e7c3e9fc16e81653e12744b03b298112935d57f48d32fbd,combined 5/Made in Abyss OST - Made in Abyss.mp3,
OpeningBombing Mission Final Fantasy VII.mp3,OpeningBombing Mission Final Fantasy VII,music,assets/audio/admin/music/openingbombing-mission-final-fantasy-vii.mp3,4b6246a51b8c6b2c64bacef5a5eb16fd899f5a41cf6c733368a3c8c48444658f,combined 5/OpeningBombing Mission Final Fantasy VII.mp3,
Psamathes-The White Lady -From -Hollow Knight.mp3,Psamathes-The White Lady -From -Hollow Knight,music,assets/audio/admin/music/psamathes-the-white-lady-from-hollow-knight.mp3,0cb5794cecb6aac2723474fa9782e6a87b55d9bb0473b3d01146d5386f827463,combined 5/Psamathes-The White Lady -From -Hollow Knight.mp3,
screamin_38dc25484811804.mp3,screamin_38dc25484811804,voice,assets/audio/admin/voice/screamin-38dc25484811804.mp3,872aadc85e4d15d0b9e2986b25ca3e2c1b8e08c733cd656c386f84c592d18846,combined 5/screamin_38dc25484811804.mp3,
Senshis Theme Delicious in Dungeon.mp3,Senshis Theme Delicious in Dungeon,music,assets/audio/admin/music/senshis-theme-delicious-in-dungeon.mp3,61a2d473091c4754b6387d28ecb6e67d8a31c123021ce7ceb6f1e153b015a24d,combined 5/Senshis Theme Delicious in Dungeon.mp3,
"Tabletop Orchestral - Arcane Archives, Wizards Shop  RPG Music  D&D Ambience.mp3","Tabletop Orchestral - Arcane Archives, Wizards Shop  RPG Music  D&D Ambience",ambience,assets/audio/admin/ambience/tabletop-orchestral-arcane-archives-wizards-shop-rpg-music-d-and-d-ambience.mp3,2cfe9cba8446b9728cad11778339dc3825146a95f858d2b691cff0e17262212f,"combined 5/Tabletop Orchestral - Arcane Archives, Wizards Shop  RPG Music  D&D Ambience.mp3",
tense-sound.mp3,tense-sound,sfx,assets/audio/admin/sfx/tense-sound.mp3,c98f8e872b36f0dd8035b9a0ae2ee091b695cce00c5db53f1e510e2f103dd880,combined 5/tense-sound.mp3,
#U041c#U0430#U043b#U0435#U043d#U044c#U043a#U0438#U0439 #U0432#U043e#U0441#U043f#U0438#U0442#U0430#U0442#U0435#U043b#U044c #U0420#U043e#U043a#U0441#U0438.mp3,Roxy's Little Caretaker,music,assets/audio/admin/music/roxys-little-caretaker.mp3,5bce1bb02c1d346dddb247c6dd4c6e1017658dfcc7f8373df83dd68b33e569bf,combined 6/#U041c#U0430#U043b#U0435#U043d#U044c#U043a#U0438#U0439 #U0432#U043e#U0441#U043f#U0438#U0442#U0430#U0442#U0435#U043b#U044c #U0420#U043e#U043a#U0441#U0438.mp3,
#U041d#U0430#U043f#U0440#U044f#U0436#U0435#U043d#U0438#U0435 #U0432 #U043b#U0438#U0441#U0442#U0432#U0435.mp3,Tension in the Foliage,music,assets/audio/admin/music/tension-in-the-foliage.mp3,7662149bb430024c813044b5b45c24a1245e211c84d434bea07e9f4381f8bb25,combined 6/#U041d#U0430#U043f#U0440#U044f#U0436#U0435#U043d#U0438#U0435 #U0432 #U043b#U0438#U0441#U0442#U0432#U0435.mp3,
#U041f#U0440#U043e#U0445#U043e#U0434 #U0441#U043a#U0432#U043e#U0437#U044c #U0434#U0436#U0443#U043d#U0433#U043b#U0438.mp3,Passage Through the Jungle,ambience,assets/audio/admin/ambience/passage-through-the-jungle.mp3,9f8d59d179a83bd40d92f097030fa63ed22345e8c858783fda995dcf8783d6e2,combined 6/#U041f#U0440#U043e#U0445#U043e#U0434 #U0441#U043a#U0432#U043e#U0437#U044c #U0434#U0436#U0443#U043d#U0433#U043b#U0438.mp3,
#U0423#U0440#U043e#U043a #U043c#U0430#U0433#U0438#U0438.mp3,Magic Lesson,music,assets/audio/admin/music/magic-lesson.mp3,cd147e3ea1262a435d88b3302456a91789fcd30d6c1e4c84c64c9d21e47d7edd,combined 6/#U0423#U0440#U043e#U043a #U043c#U0430#U0433#U0438#U0438.mp3,
#U043f#U0435#U043d#U0438#U0435.mp3,Singing,voice,assets/audio/admin/voice/singing.mp3,db6479f4f1de04df6e2e857c1041b75221e907483725ff0af69e6b4ed105e41e,combined 6/#U043f#U0435#U043d#U0438#U0435.mp3,
1-03 Beni-Kuchi-Nawa.mp3,1-03 Beni-Kuchi-Nawa,music,assets/audio/admin/music/1-03-beni-kuchi-nawa.mp3,f675731818d6431deb79a5a6e290bef4831f73b369ef04a9268381995e37bb12,combined 6/1-03 Beni-Kuchi-Nawa.mp3,
2-03 Abyss of the Sea.mp3,2-03 Abyss of the Sea,ambience,assets/audio/admin/ambience/2-03-abyss-of-the-sea.mp3,0e6fc4068ae440adb7d2eede7d5fe4614d4fa71136db24ed795d2db9e6636775,combined 6/2-03 Abyss of the Sea.mp3,
Best Tavern Music ckd2.mp3,Best Tavern Music ckd2,music,assets/audio/admin/music/best-tavern-music-ckd2.mp3,1a3d9e7f558bfa50a6cadb3a69c633a5261295518f567a67c321465113b94daa,combined 6/Best Tavern Music ckd2.mp3,
Chorus - Tiny Bunny OST.mp3,Chorus - Tiny Bunny OST,music,assets/audio/admin/music/chorus-tiny-bunny-ost.mp3,416f66583e4bf090f5663bd59cbb55278309a08b6a96afb973356f6dbb7e5144,combined 6/Chorus - Tiny Bunny OST.mp3,
flutie8211-just-look-at-that-with-laugh-451577.mp3,flutie8211-just-look-at-that-with-laugh-451577,music,assets/audio/admin/music/flutie8211-just-look-at-that-with-laugh-451577.mp3,1a62c1994d63cc55789f5c6222e5cb62bbb939ea689e60e12598ad99d94e4be9,combined 6/flutie8211-just-look-at-that-with-laugh-451577.mp3,
flutie8211-no-way-thatx27s-not-possible-438544.mp3,flutie8211-no-way-thatx27s-not-possible-438544,music,assets/audio/admin/music/flutie8211-no-way-thatx27s-not-possible-438544.mp3,7ce6819490ab499ba8e89827c57298899f42aa4a40d3070d125c23b2415a3628,combined 6/flutie8211-no-way-thatx27s-not-possible-438544.mp3,
freesound_community-stop-struggling-86476.mp3,freesound_community-stop-struggling-86476,music,assets/audio/admin/music/freesound-community-stop-struggling-86476.mp3,355a03368fafbedf61ac47fdeb13359331995a2f4a794a59956494b36e986b43,combined 6/freesound_community-stop-struggling-86476.mp3,
Fumes in the Myconid Caves  Unofficial Dragons of Stormwreck Isle  Loop  TTRPGD&D Dungeon Music.mp3,Fumes in the Myconid Caves  Unofficial Dragons of Stormwreck Isle  Loop  TTRPGD&D Dungeon Music,ambience,assets/audio/admin/ambience/fumes-in-the-myconid-caves-unofficial-dragons-of-stormwreck-isle-loop-ttrpgd-and-d-dungeon-music.mp3,cb6e4a37f89cea4e7b14875107a296001c7f3a199b9b870f608356a8af39713c,combined 6/Fumes in the Myconid Caves  Unofficial Dragons of Stormwreck Isle  Loop  TTRPGD&D Dungeon Music.mp3,
heal_default.mp3,heal_default,sfx,assets/audio/admin/sfx/heal-default.mp3,60a4d31dedece55ecef134a042607f63ea0ee8f6487e535e1e516b838ba787b6,combined 6/heal_default.mp3,
Hollow Knight-The White Lady OST Extended-kissvk.com.mp3,Hollow Knight-The White Lady OST Extended-kissvk.com,music,assets/audio/admin/music/hollow-knight-the-white-lady-ost-extended-kissvk-com.mp3,1d85968b1d315c457a879b6ca3f260755eeaf5c80629cc0815ff0425716e9d4e,combined 6/Hollow Knight-The White Lady OST Extended-kissvk.com.mp3,
roll_2_default.mp3,roll_2_default,sfx,assets/audio/admin/sfx/roll-2-default.mp3,f249b271d29a7259c235349b272ea23b2d83435b0dee4de9a6bff00e0e60d5a3,combined 6/roll_2_default.mp3,
sloistyiy-zvukovoy-dizayn-bolshogo-jutkogo-ventilyatora-blizkaya-pozitsiya.mp3,Layered Sound Design of a Large Creepy Fan - Close Position,sfx,assets/audio/admin/sfx/layered-sound-design-of-a-large-creepy-fan-close-position.mp3,2e5f23ff258c33336a7b6f6558d01add8e829bd29709434416f2043fe6fd8650,combined 6/sloistyiy-zvukovoy-dizayn-bolshogo-jutkogo-ventilyatora-blizkaya-pozitsiya.mp3,
sneaky_default.mp3,sneaky_default,sfx,assets/audio/admin/sfx/sneaky-default.mp3,77c549f7ce90237f9a505bc227821939d7c418199f9bbf9a77b1fa73e6d3c92e,combined 6/sneaky_default.mp3,
#U0417#U0432#U0443#U043a#U0438 #U041d#U043e#U0447#U043d#U044b#U0445 #U0414#U0436#U0443#U043d#U0433#U043b#U0435#U0439.mp3,Night Jungle Sounds,ambience,assets/audio/admin/ambience/night-jungle-sounds.mp3,25d169447bdc249f5f4680dab3d2ffa1b30ac268cda22c5a426e176f7e6c9c06,combined 7/#U0417#U0432#U0443#U043a#U0438 #U041d#U043e#U0447#U043d#U044b#U0445 #U0414#U0436#U0443#U043d#U0433#U043b#U0435#U0439.mp3,
#U041f#U043b#U0435#U043c#U044f #U0414#U043e#U0440#U0434#U0438#U044f.mp3,Dordia Tribe,music,assets/audio/admin/music/dordia-tribe.mp3,11946faa5fb76298f213b2f330b0531a554e77ffe5e8f7fca1e3e9a4555aa95a,combined 7/#U041f#U043b#U0435#U043c#U044f #U0414#U043e#U0440#U0434#U0438#U044f.mp3,
#U041f#U043e#U0434#U0437#U0435#U043c#U0435#U043b#U044c#U0435 #U0412#U043a#U0443#U0441#U043d#U043e#U0441#U0442#U0435#U0439 MainTheme.mp3,Delicious in Dungeon Main Theme,music,assets/audio/admin/music/delicious-in-dungeon-main-theme.mp3,a395ad76ffdf26576ff1844f026bf50353204abb10be650903201e9f393890fb,combined 7/#U041f#U043e#U0434#U0437#U0435#U043c#U0435#U043b#U044c#U0435 #U0412#U043a#U0443#U0441#U043d#U043e#U0441#U0442#U0435#U0439 MainTheme.mp3,
"#U0421#U0446#U0435#U043d#U0430, #U0434#U0432#U0438#U0436!.mp3","Scene, Action!",SKIPPED_EXACT_DUPLICATE,assets/audio/admin/music/delicious-in-dungeon-main-theme.mp3,a395ad76ffdf26576ff1844f026bf50353204abb10be650903201e9f393890fb,"combined 7/#U0421#U0446#U0435#U043d#U0430, #U0434#U0432#U0438#U0436!.mp3",
1-19 Swings and Roundabouts.mp3,1-19 Swings and Roundabouts,music,assets/audio/admin/music/1-19-swings-and-roundabouts.mp3,ef26d429404783d73737c0d282725a7446e49ea31cb59f7de0c4276016507ff4,combined 7/1-19 Swings and Roundabouts.mp3,
1-20 Tasukete.mp3,1-20 Tasukete,music,assets/audio/admin/music/1-20-tasukete.mp3,58cd5f538ff64e43b8feff97899e6f684bf284252eecfae5dc2f3b3cb29e07c1,combined 7/1-20 Tasukete.mp3,
2-10 Nanachi in the Dark.mp3,2-10 Nanachi in the Dark,music,assets/audio/admin/music/2-10-nanachi-in-the-dark.mp3,78d3e383e4fd51d56c8b7943dcebf537a7f6079cf16c2cc4f7f4b2b1006135db,combined 7/2-10 Nanachi in the Dark.mp3,
Credits song for my death Bossfight Remix.mp3,Credits song for my death Bossfight Remix,music,assets/audio/admin/music/credits-song-for-my-death-bossfight-remix.mp3,110f33318496314142002e3bba5a6f506a2a11f7b2236fc43887a10781be6394,combined 7/Credits song for my death Bossfight Remix.mp3,
fire_default.mp3,fire_default,sfx,assets/audio/admin/sfx/fire-default.mp3,4aab315d1aa30a44b4bff902033a7b057375b9ff116632326ba8677c45a36ce0,combined 7/fire_default.mp3,
freesound_community-i-know-86057.mp3,freesound_community-i-know-86057,music,assets/audio/admin/music/freesound-community-i-know-86057.mp3,d4f36b7b1ade934eb3dcf048d5496b73cc6c63e18240e9393ec13065f9b6de3b,combined 7/freesound_community-i-know-86057.mp3,
initiative_1_default.mp3,initiative_1_default,sfx,assets/audio/admin/sfx/initiative-1-default.mp3,48f8a762d9f73322af6847269389dbac37846365d1eb83138103592daa88da7f,combined 7/initiative_1_default.mp3,
lock_2_default.mp3,lock_2_default,sfx,assets/audio/admin/sfx/lock-2-default.mp3,ff231c6d3198c63689717184cde19d7a7e8f0ce8adc889dec845bc0ffd0336d3,combined 7/lock_2_default.mp3,
Made in Abyss OST - The Pit.mp3,Made in Abyss OST - The Pit,ambience,assets/audio/admin/ambience/made-in-abyss-ost-the-pit.mp3,d9ce0d80c218327055de0c0528c5720481238dbf61bb0283b5093bd124addc35,combined 7/Made in Abyss OST - The Pit.mp3,
martavalentinyi-wow-female-voice-156878.mp3,martavalentinyi-wow-female-voice-156878,voice,assets/audio/admin/voice/martavalentinyi-wow-female-voice-156878.mp3,e67e33bb6b174836137777b8fe6d8605bad818668fe6e23e812877290ee4a416,combined 7/martavalentinyi-wow-female-voice-156878.mp3,
Mechanicus OST  Children of Omnissiah Slow  Extended.mp3,Mechanicus OST  Children of Omnissiah Slow  Extended,music,assets/audio/admin/music/mechanicus-ost-children-of-omnissiah-slow-extended.mp3,8c5e15de6177f67700b52ddd4da3de96fc5cf53dccb37bf7274c11bfb0df2e93,combined 7/Mechanicus OST  Children of Omnissiah Slow  Extended.mp3,
write_1_default.mp3,write_1_default,sfx,assets/audio/admin/sfx/write-1-default.mp3,ce61e858ce9bf5460403e939656381018fd287be082e619cbc97f1d1123984ac,combined 7/write_1_default.mp3,
